{"v":"5.12.2","fr":60,"ip":0,"op":181,"w":1200,"h":1200,"nm":"Threads","ddd":0,"assets":[],"layers":[{"ddd":0,"ind":1,"ty":4,"nm":"Thread Logo","parent":2,"sr":1,"ks":{"o":{"a":0,"k":100,"ix":11},"r":{"a":0,"k":90,"ix":10},"p":{"a":0,"k":[105.664,-125.889,0],"ix":2,"l":2},"a":{"a":0,"k":[-1907.077,-68.297,0],"ix":1,"l":2},"s":{"a":0,"k":[182,182,100],"ix":6,"l":2}},"ao":0,"shapes":[{"ty":"gr","it":[{"ind":0,"ty":"sh","ix":1,"ks":{"a":0,"k":{"i":[[0,0],[40.101,9.532],[19.393,-20.05],[-36.084,-29.877],[-19.556,-0.089],[-6.179,17.641],[22.351,5.588],[3.584,-12.924],[-22.351,15.283],[41.086,2.465],[10.234,-7.519]],"o":[[0,0],[-26.841,-6.381],[-27.976,28.925],[11.804,9.773],[32.569,0.147],[7.601,-21.703],[-44.551,-11.138],[-5.423,19.557],[19.949,-13.642],[-10.584,-0.635],[0,0]],"v":[[-1834.967,-99.973],[-1883.613,-149.934],[-1958.225,-131.856],[-1952.052,2.215],[-1903.992,16.054],[-1845.306,-17.87],[-1871.123,-69.734],[-1932.752,-54.45],[-1886.9,-32.756],[-1903.006,-109.341],[-1934.747,-97.858]],"c":false},"ix":2},"nm":"Path 1","mn":"ADBE Vector Shape - Group","hd":false},{"ty":"st","c":{"a":0,"k":[1,1,1,1],"ix":3},"o":{"a":0,"k":100,"ix":4},"w":{"a":0,"k":15,"ix":5},"lc":1,"lj":1,"ml":4,"bm":0,"nm":"Stroke 1","mn":"ADBE Vector Graphic - Stroke","hd":false},{"ty":"tr","p":{"a":0,"k":[0,0],"ix":2},"a":{"a":0,"k":[0,0],"ix":1},"s":{"a":0,"k":[100,100],"ix":3},"r":{"a":0,"k":0,"ix":6},"o":{"a":0,"k":100,"ix":7},"sk":{"a":0,"k":0,"ix":4},"sa":{"a":0,"k":0,"ix":5},"nm":"Transform"}],"nm":"Shape 1","np":2,"cix":2,"bm":0,"ix":1,"mn":"ADBE Vector Group","hd":false},{"ty":"tm","s":{"a":0,"k":100,"ix":1},"e":{"a":1,"k":[{"i":{"x":[0.295],"y":[1]},"o":{"x":[0.707],"y":[0]},"t":36,"s":[100]},{"t":126,"s":[0]}],"ix":2},"o":{"a":0,"k":0,"ix":3},"m":1,"ix":2,"nm":"Trim Paths 1","mn":"ADBE Vector Filter - Trim","hd":false}],"ip":0,"op":600,"st":0,"ct":1,"bm":0},{"ddd":0,"ind":2,"ty":4,"nm":"Square","sr":1,"ks":{"o":{"a":0,"k":100,"ix":11},"r":{"a":1,"k":[{"i":{"x":[0.833],"y":[0.833]},"o":{"x":[0.899],"y":[-0.003]},"t":40,"s":[-180]},{"t":74,"s":[-90]}],"ix":10,"x":"var $bm_rt;\nvar amp, freq, decay, n, n, t, t, v;\namp = 5;\nfreq = 2;\ndecay = 4;\n$bm_rt = n = 0;\nif (numKeys > 0) {\n    $bm_rt = n = nearestKey(time).index;\n    if (key(n).time > time) {\n        n--;\n    }\n}\nif (n == 0) {\n    $bm_rt = t = 0;\n} else {\n    $bm_rt = t = $bm_sub(time, key(n).time);\n}\nif (n > 0 && t < 1) {\n    v = velocityAtTime($bm_sub(key(n).time, $bm_div(thisComp.frameDuration, 10)));\n    $bm_rt = $bm_sum(value, $bm_div($bm_mul($bm_mul(v, $bm_div(amp, 100)), Math.sin($bm_mul($bm_mul($bm_mul(freq, t), 2), Math.PI))), Math.exp($bm_mul(decay, t))));\n} else {\n    $bm_rt = value;\n}"},"p":{"a":0,"k":[600,600,0],"ix":2,"l":2},"a":{"a":0,"k":[105.664,-125.889,0],"ix":1,"l":2},"s":{"a":0,"k":[100,100,100],"ix":6,"l":2}},"ao":0,"shapes":[{"ty":"gr","it":[{"ty":"rc","d":1,"s":{"a":1,"k":[{"i":{"x":[0.403,0.403],"y":[1.546,1.546]},"o":{"x":[0.871,0.871],"y":[-0.248,-0.248]},"t":40,"s":[50,50]},{"t":74,"s":[550,550]}],"ix":2},"p":{"a":0,"k":[0,0],"ix":3},"r":{"a":0,"k":150,"ix":4},"nm":"Rectangle Path 1","mn":"ADBE Vector Shape - Rect","hd":false},{"ty":"fl","c":{"a":0,"k":[0,0,0,1],"ix":4},"o":{"a":0,"k":100,"ix":5},"r":1,"bm":0,"nm":"Fill 1","mn":"ADBE Vector Graphic - Fill","hd":false},{"ty":"tr","p":{"a":0,"k":[105.664,-125.889],"ix":2},"a":{"a":0,"k":[0,0],"ix":1},"s":{"a":0,"k":[100,100],"ix":3},"r":{"a":0,"k":0,"ix":6},"o":{"a":0,"k":100,"ix":7},"sk":{"a":0,"k":0,"ix":4},"sa":{"a":0,"k":0,"ix":5},"nm":"Transform"}],"nm":"Rectangle 1","np":2,"cix":2,"bm":0,"ix":1,"mn":"ADBE Vector Group","hd":false}],"ip":38,"op":468,"st":0,"ct":1,"bm":0},{"ddd":0,"ind":3,"ty":4,"nm":"Line","sr":1,"ks":{"o":{"a":0,"k":100,"ix":11},"r":{"a":0,"k":0,"ix":10},"p":{"a":0,"k":[580,710,0],"ix":2,"l":2},"a":{"a":0,"k":[-1637.989,2473.637,0],"ix":1,"l":2},"s":{"a":0,"k":[100,100,100],"ix":6,"l":2}},"ao":0,"shapes":[{"ty":"gr","it":[{"ind":0,"ty":"sh","ix":1,"ks":{"a":0,"k":{"i":[[0,0],[252.705,0],[86.103,92.815],[15.943,83.965],[-64.59,73.477],[-68.386,0],[0,-132.073]],"o":[[0,252.705],[-126.608,0],[-58.109,-62.639],[-17.481,-92.065],[45.147,-51.359],[132.073,0],[0,0]],"v":[[-1180.147,2379.535],[-1637.71,2837.098],[-1973.231,2690.649],[-2087.23,2465.4],[-2034.813,2191.501],[-1855.129,2110.176],[-1615.991,2349.315]],"c":false},"ix":2},"nm":"Path 1","mn":"ADBE Vector Shape - Group","hd":false},{"ty":"st","c":{"a":0,"k":[0,0,0,1],"ix":3},"o":{"a":0,"k":100,"ix":4},"w":{"a":0,"k":50,"ix":5},"lc":2,"lj":1,"ml":4,"bm":0,"nm":"Stroke 1","mn":"ADBE Vector Graphic - Stroke","hd":false},{"ty":"tm","s":{"a":1,"k":[{"i":{"x":[0.534],"y":[1.008]},"o":{"x":[0.739],"y":[0.584]},"t":10,"s":[0]},{"t":40,"s":[100]}],"ix":1},"e":{"a":1,"k":[{"i":{"x":[0.534],"y":[1.011]},"o":{"x":[0.581],"y":[0.604]},"t":0,"s":[0]},{"t":40,"s":[100]}],"ix":2},"o":{"a":0,"k":0,"ix":3},"m":1,"ix":3,"nm":"Trim Paths 1","mn":"ADBE Vector Filter - Trim","hd":false},{"ty":"tr","p":{"a":0,"k":[-2,14],"ix":2},"a":{"a":0,"k":[0,0],"ix":1},"s":{"a":0,"k":[100,100],"ix":3},"r":{"a":0,"k":0,"ix":6},"o":{"a":0,"k":100,"ix":7},"sk":{"a":0,"k":0,"ix":4},"sa":{"a":0,"k":0,"ix":5},"nm":"Transform"}],"nm":"Group 1","np":3,"cix":2,"bm":0,"ix":1,"mn":"ADBE Vector Group","hd":false}],"ip":0,"op":600,"st":0,"ct":1,"bm":0}],"markers":[],"props":{}}